Workbook

Sheet Opportunities
A1: ID | B1: Company | C1: Role | D1: Role type | E1: Source | F1: Job link | G1: Work mode | H1: Date found | I1: Stage | J1: Date entered stage | K1: Next to-do | L1: Due date | M1: Alert | N1: Fit: can do (1-5) | O1: Fit: want it (1-5) | P1: Verdict | Q1: Pay offered (total) | R1: Meets floor | S1: Equity notes | T1: CV version sent | U1: Main contact | V1: Outcome | W1: Why | X1: Notes
K2: =IF(I2="","",IFERROR(VLOOKUP(I2,Rules!$A$2:$C$9,2,FALSE()),"")) | L2: =IF(OR(I2="",J2=""),"",IFERROR(J2+VLOOKUP(I2,Rules!$A$2:$C$9,3,FALSE()),"")) | M2: =IF(OR(L2="",I2="8 Closed"),"",IF(L2<TODAY(),"OVERDUE",IF(L2-TODAY()<=2,"Due soon",""))) | R2: =IF(OR(Q2="",Rules!$F$2=""),"",IF(Q2>=Rules!$F$2,"Yes","No"))
K3: =IF(I3="","",IFERROR(VLOOKUP(I3,Rules!$A$2:$C$9,2,FALSE()),"")) | L3: =IF(OR(I3="",J3=""),"",IFERROR(J3+VLOOKUP(I3,Rules!$A$2:$C$9,3,FALSE()),"")) | M3: =IF(OR(L3="",I3="8 Closed"),"",IF(L3<TODAY(),"OVERDUE",IF(L3-TODAY()<=2,"Due soon",""))) | R3: =IF(OR(Q3="",Rules!$F$2=""),"",IF(Q3>=Rules!$F$2,"Yes","No"))
K4: =IF(I4="","",IFERROR(VLOOKUP(I4,Rules!$A$2:$C$9,2,FALSE()),"")) | L4: =IF(OR(I4="",J4=""),"",IFERROR(J4+VLOOKUP(I4,Rules!$A$2:$C$9,3,FALSE()),"")) | M4: =IF(OR(L4="",I4="8 Closed"),"",IF(L4<TODAY(),"OVERDUE",IF(L4-TODAY()<=2,"Due soon",""))) | R4: =IF(OR(Q4="",Rules!$F$2=""),"",IF(Q4>=Rules!$F$2,"Yes","No"))
K5: =IF(I5="","",IFERROR(VLOOKUP(I5,Rules!$A$2:$C$9,2,FALSE()),"")) | L5: =IF(OR(I5="",J5=""),"",IFERROR(J5+VLOOKUP(I5,Rules!$A$2:$C$9,3,FALSE()),"")) | M5: =IF(OR(L5="",I5="8 Closed"),"",IF(L5<TODAY(),"OVERDUE",IF(L5-TODAY()<=2,"Due soon",""))) | R5: =IF(OR(Q5="",Rules!$F$2=""),"",IF(Q5>=Rules!$F$2,"Yes","No"))
K6: =IF(I6="","",IFERROR(VLOOKUP(I6,Rules!$A$2:$C$9,2,FALSE()),"")) | L6: =IF(OR(I6="",J6=""),"",IFERROR(J6+VLOOKUP(I6,Rules!$A$2:$C$9,3,FALSE()),"")) | M6: =IF(OR(L6="",I6="8 Closed"),"",IF(L6<TODAY(),"OVERDUE",IF(L6-TODAY()<=2,"Due soon",""))) | R6: =IF(OR(Q6="",Rules!$F$2=""),"",IF(Q6>=Rules!$F$2,"Yes","No"))
K7: =IF(I7="","",IFERROR(VLOOKUP(I7,Rules!$A$2:$C$9,2,FALSE()),"")) | L7: =IF(OR(I7="",J7=""),"",IFERROR(J7+VLOOKUP(I7,Rules!$A$2:$C$9,3,FALSE()),"")) | M7: =IF(OR(L7="",I7="8 Closed"),"",IF(L7<TODAY(),"OVERDUE",IF(L7-TODAY()<=2,"Due soon",""))) | R7: =IF(OR(Q7="",Rules!$F$2=""),"",IF(Q7>=Rules!$F$2,"Yes","No"))
K8: =IF(I8="","",IFERROR(VLOOKUP(I8,Rules!$A$2:$C$9,2,FALSE()),"")) | L8: =IF(OR(I8="",J8=""),"",IFERROR(J8+VLOOKUP(I8,Rules!$A$2:$C$9,3,FALSE()),"")) | M8: =IF(OR(L8="",I8="8 Closed"),"",IF(L8<TODAY(),"OVERDUE",IF(L8-TODAY()<=2,"Due soon",""))) | R8: =IF(OR(Q8="",Rules!$F$2=""),"",IF(Q8>=Rules!$F$2,"Yes","No"))
K9: =IF(I9="","",IFERROR(VLOOKUP(I9,Rules!$A$2:$C$9,2,FALSE()),"")) | L9: =IF(OR(I9="",J9=""),"",IFERROR(J9+VLOOKUP(I9,Rules!$A$2:$C$9,3,FALSE()),"")) | M9: =IF(OR(L9="",I9="8 Closed"),"",IF(L9<TODAY(),"OVERDUE",IF(L9-TODAY()<=2,"Due soon",""))) | R9: =IF(OR(Q9="",Rules!$F$2=""),"",IF(Q9>=Rules!$F$2,"Yes","No"))
K10: =IF(I10="","",IFERROR(VLOOKUP(I10,Rules!$A$2:$C$9,2,FALSE()),"")) | L10: =IF(OR(I10="",J10=""),"",IFERROR(J10+VLOOKUP(I10,Rules!$A$2:$C$9,3,FALSE()),"")) | M10: =IF(OR(L10="",I10="8 Closed"),"",IF(L10<TODAY(),"OVERDUE",IF(L10-TODAY()<=2,"Due soon",""))) | R10: =IF(OR(Q10="",Rules!$F$2=""),"",IF(Q10>=Rules!$F$2,"Yes","No"))
K11: =IF(I11="","",IFERROR(VLOOKUP(I11,Rules!$A$2:$C$9,2,FALSE()),"")) | L11: =IF(OR(I11="",J11=""),"",IFERROR(J11+VLOOKUP(I11,Rules!$A$2:$C$9,3,FALSE()),"")) | M11: =IF(OR(L11="",I11="8 Closed"),"",IF(L11<TODAY(),"OVERDUE",IF(L11-TODAY()<=2,"Due soon",""))) | R11: =IF(OR(Q11="",Rules!$F$2=""),"",IF(Q11>=Rules!$F$2,"Yes","No"))
K12: =IF(I12="","",IFERROR(VLOOKUP(I12,Rules!$A$2:$C$9,2,FALSE()),"")) | L12: =IF(OR(I12="",J12=""),"",IFERROR(J12+VLOOKUP(I12,Rules!$A$2:$C$9,3,FALSE()),"")) | M12: =IF(OR(L12="",I12="8 Closed"),"",IF(L12<TODAY(),"OVERDUE",IF(L12-TODAY()<=2,"Due soon",""))) | R12: =IF(OR(Q12="",Rules!$F$2=""),"",IF(Q12>=Rules!$F$2,"Yes","No"))
K13: =IF(I13="","",IFERROR(VLOOKUP(I13,Rules!$A$2:$C$9,2,FALSE()),"")) | L13: =IF(OR(I13="",J13=""),"",IFERROR(J13+VLOOKUP(I13,Rules!$A$2:$C$9,3,FALSE()),"")) | M13: =IF(OR(L13="",I13="8 Closed"),"",IF(L13<TODAY(),"OVERDUE",IF(L13-TODAY()<=2,"Due soon",""))) | R13: =IF(OR(Q13="",Rules!$F$2=""),"",IF(Q13>=Rules!$F$2,"Yes","No"))
... K301: =IF(I301="","",IFERROR(VLOOKUP(I301,Rules!$A$2:$C$9,2,FALSE()),"")) | L301: =IF(OR(I301="",J301=""),"",IFERROR(J301+VLOOKUP(I301,Rules!$A$2:$C$9,3,FALSE()),"")) | M301: =IF(OR(L301="",I301="8 Closed"),"",IF(L301<TODAY(),"OVERDUE",IF(L301-TODAY()<=2,"Due soon",""))) | R301: =IF(OR(Q301="",Rules!$F$2=""),"",IF(Q301>=Rules!$F$2,"Yes","No"))

Sheet Contacts
A1: Contact ID | B1: Opportunity ID | C1: Company | D1: Name | E1: Title | F1: Role in process | G1: Warm path | H1: LinkedIn URL | I1: Email | J1: Date contacted | K1: Status | L1: Next follow-up | M1: Alert | N1: Notes
C2: =IF(B2="","",IFERROR(INDEX(Opportunities!$B:$B,MATCH(B2,Opportunities!$A:$A,0)),"")) | M2: =IF(OR(L2="",K2="Replied",K2="Referred",K2="Declined"),"",IF(L2<TODAY(),"OVERDUE",IF(L2-TODAY()<=2,"Due soon","")))
C3: =IF(B3="","",IFERROR(INDEX(Opportunities!$B:$B,MATCH(B3,Opportunities!$A:$A,0)),"")) | M3: =IF(OR(L3="",K3="Replied",K3="Referred",K3="Declined"),"",IF(L3<TODAY(),"OVERDUE",IF(L3-TODAY()<=2,"Due soon","")))
C4: =IF(B4="","",IFERROR(INDEX(Opportunities!$B:$B,MATCH(B4,Opportunities!$A:$A,0)),"")) | M4: =IF(OR(L4="",K4="Replied",K4="Referred",K4="Declined"),"",IF(L4<TODAY(),"OVERDUE",IF(L4-TODAY()<=2,"Due soon","")))
C5: =IF(B5="","",IFERROR(INDEX(Opportunities!$B:$B,MATCH(B5,Opportunities!$A:$A,0)),"")) | M5: =IF(OR(L5="",K5="Replied",K5="Referred",K5="Declined"),"",IF(L5<TODAY(),"OVERDUE",IF(L5-TODAY()<=2,"Due soon","")))
C6: =IF(B6="","",IFERROR(INDEX(Opportunities!$B:$B,MATCH(B6,Opportunities!$A:$A,0)),"")) | M6: =IF(OR(L6="",K6="Replied",K6="Referred",K6="Declined"),"",IF(L6<TODAY(),"OVERDUE",IF(L6-TODAY()<=2,"Due soon","")))
C7: =IF(B7="","",IFERROR(INDEX(Opportunities!$B:$B,MATCH(B7,Opportunities!$A:$A,0)),"")) | M7: =IF(OR(L7="",K7="Replied",K7="Referred",K7="Declined"),"",IF(L7<TODAY(),"OVERDUE",IF(L7-TODAY()<=2,"Due soon","")))
C8: =IF(B8="","",IFERROR(INDEX(Opportunities!$B:$B,MATCH(B8,Opportunities!$A:$A,0)),"")) | M8: =IF(OR(L8="",K8="Replied",K8="Referred",K8="Declined"),"",IF(L8<TODAY(),"OVERDUE",IF(L8-TODAY()<=2,"Due soon","")))
C9: =IF(B9="","",IFERROR(INDEX(Opportunities!$B:$B,MATCH(B9,Opportunities!$A:$A,0)),"")) | M9: =IF(OR(L9="",K9="Replied",K9="Referred",K9="Declined"),"",IF(L9<TODAY(),"OVERDUE",IF(L9-TODAY()<=2,"Due soon","")))
C10: =IF(B10="","",IFERROR(INDEX(Opportunities!$B:$B,MATCH(B10,Opportunities!$A:$A,0)),"")) | M10: =IF(OR(L10="",K10="Replied",K10="Referred",K10="Declined"),"",IF(L10<TODAY(),"OVERDUE",IF(L10-TODAY()<=2,"Due soon","")))
C11: =IF(B11="","",IFERROR(INDEX(Opportunities!$B:$B,MATCH(B11,Opportunities!$A:$A,0)),"")) | M11: =IF(OR(L11="",K11="Replied",K11="Referred",K11="Declined"),"",IF(L11<TODAY(),"OVERDUE",IF(L11-TODAY()<=2,"Due soon","")))
C12: =IF(B12="","",IFERROR(INDEX(Opportunities!$B:$B,MATCH(B12,Opportunities!$A:$A,0)),"")) | M12: =IF(OR(L12="",K12="Replied",K12="Referred",K12="Declined"),"",IF(L12<TODAY(),"OVERDUE",IF(L12-TODAY()<=2,"Due soon","")))
C13: =IF(B13="","",IFERROR(INDEX(Opportunities!$B:$B,MATCH(B13,Opportunities!$A:$A,0)),"")) | M13: =IF(OR(L13="",K13="Replied",K13="Referred",K13="Declined"),"",IF(L13<TODAY(),"OVERDUE",IF(L13-TODAY()<=2,"Due soon","")))
... C301: =IF(B301="","",IFERROR(INDEX(Opportunities!$B:$B,MATCH(B301,Opportunities!$A:$A,0)),"")) | M301: =IF(OR(L301="",K301="Replied",K301="Referred",K301="Declined"),"",IF(L301<TODAY(),"OVERDUE",IF(L301-TODAY()<=2,"Due soon","")))

Sheet Activity log
A1: Date | B1: Opportunity ID | C1: Company | D1: Type | E1: Round # | F1: With | G1: What happened | H1: Next step
C2: =IF(B2="","",IFERROR(INDEX(Opportunities!$B:$B,MATCH(B2,Opportunities!$A:$A,0)),""))
C3: =IF(B3="","",IFERROR(INDEX(Opportunities!$B:$B,MATCH(B3,Opportunities!$A:$A,0)),""))
C4: =IF(B4="","",IFERROR(INDEX(Opportunities!$B:$B,MATCH(B4,Opportunities!$A:$A,0)),""))
C5: =IF(B5="","",IFERROR(INDEX(Opportunities!$B:$B,MATCH(B5,Opportunities!$A:$A,0)),""))
C6: =IF(B6="","",IFERROR(INDEX(Opportunities!$B:$B,MATCH(B6,Opportunities!$A:$A,0)),""))
C7: =IF(B7="","",IFERROR(INDEX(Opportunities!$B:$B,MATCH(B7,Opportunities!$A:$A,0)),""))
C8: =IF(B8="","",IFERROR(INDEX(Opportunities!$B:$B,MATCH(B8,Opportunities!$A:$A,0)),""))
C9: =IF(B9="","",IFERROR(INDEX(Opportunities!$B:$B,MATCH(B9,Opportunities!$A:$A,0)),""))
C10: =IF(B10="","",IFERROR(INDEX(Opportunities!$B:$B,MATCH(B10,Opportunities!$A:$A,0)),""))
C11: =IF(B11="","",IFERROR(INDEX(Opportunities!$B:$B,MATCH(B11,Opportunities!$A:$A,0)),""))
C12: =IF(B12="","",IFERROR(INDEX(Opportunities!$B:$B,MATCH(B12,Opportunities!$A:$A,0)),""))
C13: =IF(B13="","",IFERROR(INDEX(Opportunities!$B:$B,MATCH(B13,Opportunities!$A:$A,0)),""))
... C301: =IF(B301="","",IFERROR(INDEX(Opportunities!$B:$B,MATCH(B301,Opportunities!$A:$A,0)),""))

Sheet CV versions
A1: CV version ID | B1: Date | C1: Built for (Opportunity ID) | D1: Company | E1: File name / link | F1: What changed vs master | G1: Fact bank items used | H1: Open questions before sending
D2: =IF(C2="","",IFERROR(INDEX(Opportunities!$B:$B,MATCH(C2,Opportunities!$A:$A,0)),""))
D3: =IF(C3="","",IFERROR(INDEX(Opportunities!$B:$B,MATCH(C3,Opportunities!$A:$A,0)),""))
D4: =IF(C4="","",IFERROR(INDEX(Opportunities!$B:$B,MATCH(C4,Opportunities!$A:$A,0)),""))
D5: =IF(C5="","",IFERROR(INDEX(Opportunities!$B:$B,MATCH(C5,Opportunities!$A:$A,0)),""))
D6: =IF(C6="","",IFERROR(INDEX(Opportunities!$B:$B,MATCH(C6,Opportunities!$A:$A,0)),""))
D7: =IF(C7="","",IFERROR(INDEX(Opportunities!$B:$B,MATCH(C7,Opportunities!$A:$A,0)),""))
D8: =IF(C8="","",IFERROR(INDEX(Opportunities!$B:$B,MATCH(C8,Opportunities!$A:$A,0)),""))
D9: =IF(C9="","",IFERROR(INDEX(Opportunities!$B:$B,MATCH(C9,Opportunities!$A:$A,0)),""))
D10: =IF(C10="","",IFERROR(INDEX(Opportunities!$B:$B,MATCH(C10,Opportunities!$A:$A,0)),""))
D11: =IF(C11="","",IFERROR(INDEX(Opportunities!$B:$B,MATCH(C11,Opportunities!$A:$A,0)),""))
D12: =IF(C12="","",IFERROR(INDEX(Opportunities!$B:$B,MATCH(C12,Opportunities!$A:$A,0)),""))
D13: =IF(C13="","",IFERROR(INDEX(Opportunities!$B:$B,MATCH(C13,Opportunities!$A:$A,0)),""))
... D301: =IF(C301="","",IFERROR(INDEX(Opportunities!$B:$B,MATCH(C301,Opportunities!$A:$A,0)),""))

Sheet Rules
A1: Stage | B1: To-do | C1: Days | E1: Setting | F1: Value (fill in) | G1: Notes | I1: Role type | J1: Work mode | K1: Verdict | L1: Outcome | M1: Contact status | N1: Activity type | O1: Source
A2: 1 Found | B2: Score fit, decide apply / stretch / skip | C2: 2 | E2: Pay floor (total per year) | G2: Private walk-away line. Leave blank until you decide. | I2: Strategy & operations | J2: Office | K2: Apply | L2: Offer accepted | M2: Not contacted | N2: Application | O2: Careers page
A3: 2 Referral | B3: Contact 1-2 people at the company before applying | C3: 5 | E3: Pay target (total cash per year) | G3: What you anchor on if pressed. | I3: Chief of staff | J3: Hybrid | K3: Stretch | L3: Offer declined | M3: Contacted | N3: Message | O3: LinkedIn post
A4: 3 Applied | B4: Apply with tailored CV, log CV version | C4: 7 | E4: Currency | I4: Partnerships | J4: Remote | K4: Skip | L4: Rejected | M4: Replied | N4: Referral | O4: LinkedIn jobs
A5: 4 Follow-up 1 | B5: Send follow-up #1 (day 7) | C5: 7 | I5: Solutions | J5: Unknown | L5: No reply | M5: Referred | N5: Interview | O5: Job board
A6: 5 Follow-up 2 | B6: Send follow-up #2 (day 14), then close if no reply | C6: 7 | I6: Sales | L6: Withdrew | M6: No reply | N6: Feedback | O6: Referral
A7: 6 Interviewing | B7: Prep next round, thank-you within 24h | C7: 7 | I7: Country manager | L7: Role closed | M7: Declined | N7: Offer | O7: Recruiter
A8: 7 Offer | B8: Check against pay floor, negotiate or decide | C8: 5 | I8: Other | N8: Note | O8: Other
A9: 8 Closed | B9: Log outcome and reason | C9: 0
A12: Edit stages, days and dropdown lists here. Grey header columns in other tabs are formulas: don't type in them.
